review_id,domain,text,aspect_labels
ELEC-001,Electronics,"Not what I expected.. I tried it with my phone, my work laptop and my t.v. The sound quality is nothing like the wired $9.99 earphones. When using it for conversation on laptop or phone the sound quality isn't the best for the receiving party.",quality; performance
ELEC-002,Electronics,"Company is a scam. They will not honor their own warranty in the watch. Yes it’s cheap but if you say it has a year warranty, honor it! FYI your watch will die within a few months. You’re welcome!",quality; customer_service
ELEC-003,Electronics,Did not fit my echo dot. Waste of money as it didn’t fit the plug for my alexa. False advertising and garbage product. I tried to force it and broke it,quality; price; durability
ELEC-004,Electronics,DO NOT PURCHASE. The battery was bad in this product. I tried to charge it and it would not charge and there was a beep that happened every 5 minutes indicating the battery was bad. I could not receive any feedback regarding my problem.,battery
ELEC-005,Electronics,"Unfortunately the drivers strip and do not work after 2-3 turns!. I did accomplish one repair on my iphone 4 GSM with this kit, but I couldn't even finish screwing in the final 2 screws on the bottom of the iPhone. So I gotta rate it at 1-star. Might get 1 job done, but they should use better material.",quality
ELEC-006,Electronics,"Not great. I had to order this cord, because I was away and forgot mine. The USD doesn't really fit. You think you've been charging your device, but no. And I noticed last week that it's starting to fray.",battery
ELEC-007,Electronics,"Nice But Not Finished. This is a great addition to my humble bookshelf. Like with other reviews, the wood is not finished and will give you a sliver if your not careful. They are impossible to dust and anything you dust them with - like a Swiffer - gets caught in the finish.",quality
ELEC-008,Electronics,"Poor volume.. This ieGeek DVD player is replacing my old Sony. It is okay but my big issue is the sound...at Max volume, none of us can hear it very well while riding in the car. May have to buy another one with bigger speakers/better sound. Also, this maybe 2 hour battery life is one quarter of my old one.",quality; battery; performance
ELEC-009,Electronics,Poor Quality. These units continued to malfunction over a two day set up of a new computer. Switched to another unit and continue to do the set up without issue. Sent back.,quality
ELEC-010,Electronics,Arrived broken. Motherboard anchors broken and poorly constructed. I liked the design of the tower and fan placement but the motherboard anchors were defective,quality; delivery; durability
ELEC-011,Electronics,"Disappointed in quality. Received cover and initially very pleased with purple color and good fit. However, within 2 months, the trim started pulling away. I glued it several times, eventually getting the corners of the opening to stick with clear nail polish. Now, the trim is pulling away from the opposite side and the cover is cracking from opening and closing the cover. Looking for a new cover, but cannot recommend this cover. Very sad, such a pretty color.",quality
ELEC-012,Electronics,"THESE DO NOT STICK!!. It doesn't matter what I do, these things simply don't stick to the wall once the cord is inserted into them. I'm about to gorilla glue the back tab and see it that holds. Cool concept, just not sticky enough.",quality
ELEC-013,Electronics,Doesn’t work on Samsung phone. Had to return it did not work as detailed.,customer_service
ELEC-014,Electronics,"Thought the Amp would help increase the clarity.... But this did not work for me. I ran the channel search and it picked up a couple channels, but when trying to view those channels, the screen would freeze and or distort. I tried it with and without the amplifier connected, but it did not work at all without the amp attached. If I would touch the cable connection at the TV cable male connector, my body acted as a better antenna. I have a Tek brand on another TV and it worked well enough not to freeze the picture, even though it did not have an amp on that unit. I returned the 1Plus the next day.",customer_service; performance; compatibility
ELEC-015,Electronics,"I was hoping. This antenna gave us nothing, not one channel. We bought Rabbit ears a few days later and had MUCH better results.",quality
ELEC-016,Electronics,Wanted to love but damaged and defective.. [[VIDEOID:899f977e3f95080af85548708c5efb23]] I really wanted to love this product because I’ve owned something similar. The one I received was damaged where the track for the drawer to slide in. So the drawer won’t line up on track and falls out. Also the legs snap on which was bent. I had to use a a tool to try and bend it straight to force the legs in. If I received the product with the drawer track straight I would have kept it. I am returning.,quality
ELEC-017,Electronics,Look elsewhere. It dies without even maxing it out and kills everything with it. This PSU just cost me my entire computer.,price; battery
ELEC-018,Electronics,Can't Even Hold An iPhone 8. Magnet isn't strong enough to hold smaller iPhones. Not worth the money.,price
ELEC-019,Electronics,"Photo of correct card matters.. Item shown in photo is compantible with 1.5v and 3.3v slots. Card actually only has the key for 1.5v slot. Therefore, I can't use it at all.",quality
ELEC-020,Electronics,"First pair stopped working in one ear after 3rd use. Very disappointed. Bought these for my kids to use during a trip. One pair already stopped working in one ear halfway through the flight during the third time being used. Haven't tested all 4 yet, but was hoping they would at least last the week of our trip.... But they didn't even make it through the first day",compatibility
ELEC-021,Electronics,"no date. The Lithium Ion battery and/or packaging do not have a date on them. Because Li-ion batteries fail to hold a charge with age, I cannot tell whether the battery I received is of recent manufacture, or was manufactured in 2014, the date of the copywrite on the packaging. I do not want to pay the high price for a 4 year old battery given how significantly Li Ion batteries degrade due to calendar aging.",price; battery
ELEC-022,Electronics,"Stopped working shortly after purchase!. I purchased this back in September or October. Worked great after charging it up. Only used it a half dozen times. Now it won't hold a charge. I charge it. The light says it's charged. I put it back in the case with my tablet, and it comes on then immediately goes dead! Probably too late to return. Should have spent a little more and purchase one that was better quality.",quality; delivery; customer_service; battery
ELEC-023,Electronics,Not great. They keep losing connection. And batteries died within 2 weeks not 3 months,battery; compatibility
ELEC-024,Electronics,"Weird Case. I recently purchased an iPad Mini and wanted a cover similar to the one I used on my larger one. This cover is not like the Apple ones; it's much flimsier and feels flimsy. The color was also WAY off and was more of a lavender color than the purple in the picture. As for the back portion, it is definitely a hard cover, but one that made me feel like it was going to damage my iPad. It has no give in it at all, and I found it hard to tell if I was mashing any of the buttons on accident. I'll admit that I took it off, immediately--or struggled to get it off. I really wanted this product to work, but for me, it was just a no go.",durability
ELEC-025,Electronics,Did not work.. The USB ports didn't work at all and that is what I bought it for.,compatibility
ELEC-026,Electronics,My husband is an engineer and between the two of us it was pretty difficult to set up. Got it all hooked up and loaded with 'favorites' for Mom. It trips all over itself and won't go anywhere smoothly. Probably will return. My husband is an engineer and between the two of us it was pretty difficult to set up. Please don't think you can order this from a distance for an older family member. You'll need to be there with them to help.,customer_service
ELEC-027,Electronics,Cords do not last. All of the chargers failed after 2 to 3 weeks of use.,quality
ELEC-028,Electronics,cannot use. my vacuum fell apart no printer cannot find,durability
ELEC-029,Electronics,"very lacking. i have a 15.6"" laptop i ASSUMED i wouldnt have to cut it i was wrong i had to cut it and now if i am using the laptop or go to touch the edge the decal lifts up a bit i can see it would come right off with little effort and ill have to replace it with hopefully another company who uses a better adhesive !!! also it came all wrinkled up it seemed to flatten out easily though once i got it off of the white paper also no keyboard sticker for this one im gonna order something else i really hate the way this one feels around the edging although im again ASSUMING they all will do that we will see i think ill cut the next one so its not close to any edge !!!!!",quality
ELEC-030,Electronics,"Complete waste of money, it's not compatible with alexa and they knew this when they sold it. Edot, its september and the camera has failed completely, Blink customer non support says its not thier policy to warranty the cameras. This camera is a complete waste of money, it is not compatible with alexa, and has to be reset 2 times a week to even be recognized by the blink hub, none of the blink cameras are now alexa compatible, so don't waste your money, you will spend hours on with customer service to be told that the blink systems being sold by Amazon are obsolete",quality; price; customer_service; compatibility
ELEC-031,Electronics,"What a ripoff!!!!. I can not believe that a company can sell such worthless products and still do business with Amazon. I bought this tablet for my special needs son for Christmas. I wanted something that was easy to navigate, but did not look like a children's tablet. He loved and used it almost daily for less than TWO MONTHS before it simply stopped working. He is beyond disappointed!!! I will replace his tablet with a better quality tablet, but it will not come from Amazon.",quality; price
ELEC-032,Electronics,"One Star. Was not compatible with what I needed it for, but description said it did.",compatibility
ELEC-033,Electronics,"One Star. I was looking for an IDE hard drive enclosure and Instead bought this, which is for SATA only HDDs",quality
ELEC-034,Electronics,"Thank you to the other reviewers for the warnings. Please listen to the other reviewers for this product when they tell you that this device is a fire hazard. With their warnings in mind, I took the chance and plugged it into my computer. Within 10 seconds, the onboard chip became too hot to touch. I immediately removed it and won't risk trying to flash anything with it. Please be careful.",quality
ELEC-035,Electronics,"Too unstable. I bought this to hold a backdrop for a photo booth. Unfortunately, it's far too unstable to use. It collapsed as soon as I put the cloth on it.",quality
ELEC-036,Electronics,Item was defected. Used twice and the cord developed a short.,quality
ELEC-037,Electronics,So so would not purchase again if. Would not buy if really wanting to use projector as it is backwards on the ceiling.,quality
ELEC-038,Electronics,"What is most important? Cheap or Reliable? Answer is, VALUE is the most important. Not these.. I cannot believe how low it took me to realize that the reason I keep needing to buy more cables for home and office is that these keep disappearing. But not because the staff or kids make off with them. It is because they keep on failing and get thrown out. I am now buying only products from a reliable name brand. After all I have to Anchor my phone to them every day.",quality; price
ELEC-039,Electronics,Waste of money.. Nothing left to say except you can go to Family Dollar and get the same quality for 1 dollar...,quality; price
ELEC-040,Electronics,"Poorly made remote. I've never used a tv remote that was as poorly made and functioning as this one. Buttons stop working randomly. The back cover won't stay on the remote. If you drop the remote even once, it will stop working. I like the tv, but I'll be switching to a universal remote instead.",quality; performance
ELEC-041,Electronics,"Bought, 4 that we are returning. If you're .... Bought, 4 that we are returning. If you're looking for a WiFi wireless connection - forget it. Doesn't pick up well even with more bandwidth and extenders. Battery operated and will not last long if you use the LIVE setting. No way to turn this camera OFF. So unless you hardwire this camera it will be a pain all around between replacing batteries and poking your eye out trying to get all cameras set wireless. Doesn't it seem fundamental to be able to turn a camera OFF? (It is not enough under the circumstances to turn-off notifications = not the same. Extremely irritating).",battery; compatibility
ELEC-042,Electronics,Total POS. This is a total POS. almost two months to the day 2 of the 3 cords don't work. I don't know why I keep buying these? Max life I've gotten out of them is 3 months.,quality
ELEC-043,Electronics,"not support. I downloaded the administration manual, but could not get any other help from Cisco. I have just a few questions, but there is not support.",customer_service
ELEC-044,Electronics,Broke after very little usage. Loved it while it worked. When it was only nine months old I moved it from under my desk to the top has never worked again. Quite angry. Of course not covered by warranty.,customer_service; durability
ELEC-045,Electronics,"Don't waste your money on this junk!. Terrible! Uses batteries like water, and losing signal two inches from the usb plug. Key board does nothing but stick and write gibberish. Worst I have ever bought.",quality; price; battery; compatibility
ELEC-046,Electronics,Did not work. Installed on scope and did not work To much gap between phone and scope,quality
ELEC-047,Electronics,Terrible. Not the original for sure. I betcha this don't last a month,quality
ELEC-048,Electronics,I returned it.... ...because it didn't work well. I returned it in favor of its replacement.,customer_service
ELEC-049,Electronics,Not7 inches and didn't not match interior at all. Not to happy that the size it off it says7 inches but it's def not it's off by a cm. Which has made it very difficult I had to shave it downwith a rotary tool. And I was expecting the material to some what match my car but instead out looks like cheap plastic. So I just put a carbon fiber vinyl on it and that made it allot better,quality
ELEC-050,Electronics,"Worked great for about 3 weeks. When they work,they work well, But there must a loose wire or something because I have to jiggle the wires to get it to work. Plugged them in, never moved them or treated them rough.",quality
ELEC-051,Electronics,Bad battery!. I'm so thankful that I was sitting at my laptop. A very loud noise came! I immediately unplugged and shut down! Caused by heat 🔥 😳 from battery! Installed just 2 weeks ago! Had NOT run on battery at all!!! A good reason to stay near while running computer. Imagine what would have happened! Made by our friends in China 🇨🇳! Amazon accepted return and credited me. I've decided not to use a battery. Good on me.,customer_service; battery
ELEC-052,Electronics,"Junk, came apart third time I used. The ring that holds the lock tabs in snapped off the bottom of the hood and lost one of the locking tabs. No matter, it never locked onto the lens properly anyway. Keep looking, this one is pure junk.",quality; delivery; durability
ELEC-053,Electronics,"Doesn't work. I have a galaxy note 8. Doesn't work.. no chargexwhatsiever. For ppl who are using this in addition to the original charging port, do explain.. cuz it doesn't work for me.",battery; compatibility
ELEC-054,Electronics,Save your money and don't buy this. Just another non functional adapter gizmo in my drawer full of unused and not usable adapter gizmo's.,price; compatibility
ELEC-055,Electronics,The top always come off.. I love Togepi and it was disappointing that the top of this case always comes off. It doesn’t quite fit.,quality
ELEC-056,Electronics,"Save your money, find something else. What a lousy CD player. Don't lose the instructions or you'll never figure out how to operate it. And the sound? Immediately brought back memories of the 60's and transistor radios !!! What a waste of money, believe it will be going back for a refund.",quality; price; customer_service; performance
ELEC-057,Electronics,"Not happy. Comcast came out to install, but found that previous owner was still connected to the router. I'm out of money for the service call as well.",price
ELEC-058,Electronics,"Failed within a few uses. Dead as a doornail. China strikes again.. What dd I dislike, Amazon coyly asks? Me? Well the thing failed almost immediately. What's not to dislike, I ask you?",quality
ELEC-059,Electronics,Does not work. Item arrived not working. DVDs or Blu-Rays or any other color besides purple and blue and that's all you can see.,delivery
ELEC-060,Electronics,"Out of Range. Constantly get ""out of range"" errors when my monitor wakes up because of this cable. Have to repeatedly turn my monitor off and on until it wakes up properly.",compatibility
ELEC-061,Electronics,Did NOT Work on Jabra earbuds. The fact that they did not work isn't the product's fault. I should have done better research. They were never meant to fit my earbuds. I simply didn't know enough at the time I ordered them. I returned them.,customer_service
ELEC-062,Electronics,Untrustworthy company. So many unkept compatibility promises. Then there is the bold face lies about independent network. I return this before opening the box.,packaging; customer_service; compatibility
ELEC-063,Electronics,"Didn't work with Sony BD player as one input. I wanted to use this to hook up two BD players to my tv: a Samsung model, and a Sony model. The Sony just didn't work, it showed something, glitched, lost connection, etc. I tried all the usual: change the port, change the cable, turn everything off and try again, etc. etc. The Samsung worked perfectly, but the Sony didn't. I couldn't figure it out, it might have something to do with the HDMI standard the player is using, or just possibly it's a defective unit. But bottom line, this was useless for my purpose. (It does advertise that it works with pretty much anything, so it's failing to meet its claimed capability.)",quality; delivery; compatibility
ELEC-064,Electronics,"NOT unlocked, locked to Xfinity. Ordered because it was 5g and unlocked. Received it today, started it, and find that it's locked to the Xfinity network and the bootloader CAN'T be unlocked (tried). So, if you are looking to root this to remove the factory loaded 16gigs (yes, from the factory!) of memory hogging bloatware, well..., you can't. Pass this phone up.",quality
ELEC-065,Electronics,Great for one day.... My roommate gave me this for a holiday present. I used it once. Now the battery won't charge.,battery
ELEC-066,Electronics,Two Stars. The plastic part of the case cracked as I was taking the case off to clean it.,durability
ELEC-067,Electronics,"Some data loss and power supply failure. Worked pretty well except for one group of files that got corrupted. Now today the drive doesn't work at all. No power to it it seems. I'm guessing the power adapter quit as my last WD external drive had the same problem. However, that drive at least had an indicator light built into the power supply so I knew that was what happened. This cheap junk power suplly doesn't even have that so I have no way of knowing if power is actually getting to the drive and THAT'S dead. I would not recommend this.",quality; compatibility
ELEC-068,Electronics,Stopped working after 5 days. I turned it on and suddenly it didn’t recognize the cable box. I did a days worth of trouble shooting and the tech team of TLC agreed there is a problem . They said they would get back to me in 48 hours. A week went by and I contacted them again. They wanted me to do the same thing. They told me they’ll be in touch in 48 hours. We’ll see,packaging; compatibility
ELEC-069,Electronics,Oops. Wrong in general fiance got wrong one :'(,quality
ELEC-070,Electronics,Poor Sound Quality. Sound quality is very poor. Battery life doesn’t last until lunch at work. When volume is all the way up on iPhone and doesn’t get very loud. Purchased a linklife earbud instead and gave these away.,quality; battery; performance
ELEC-071,Electronics,"Nice quality - sturdy hinges and nice metal casing Lays .... Returned it. Would not stay connected to either of my laptops. Once I moved it more than 5/6 inches away, it would disconnect every time. PROS: Nice quality - sturdy hinges and nice metal casing Lays flat Nice size Good 'key feel' when typing Mouse pad worked well Nice and compact when folded - would be easy to travel with CONS: Would not stay connected if moved more than 5"" away (Asus Zenbook and HP Envy)",quality; customer_service
ELEC-072,Electronics,Signal issues. I'm having some issue with this remote. It takes long to for the signal to connect.,performance; compatibility
ELEC-073,Electronics,"Product broken. I received the product, installed and thought I was finished. The product would not connect to the internet at all. I called the manufacturer and actually had to leave a message for someone to call me back. It was decided by the company that the product was defective and they would replace. I ended up just mailing it back and getting a refund. It was too much work waiting on the new one to come in, not to mention I could not connect to the internet until the new one arrived.",quality; delivery; customer_service; compatibility; durability
ELEC-074,Electronics,Doesn’t fully cover the airpod. No structure. [[VIDEOID:2ca09166dd2d2c5fbc348ae89e324b34]] As you can see by the video it is not a full fit. I want something that is going to look good and protect my expensive headset.,price
ELEC-075,Electronics,"Digital Camera Purchase. The service was very prompt, within 2 days my item was shipped. When it arrived however, I was very disappointed. The camera did not come with a start up disk, a USB attachment, or even an instruction manual. When the batteries were in place, the door to the battery compartment would not close. I took 6 pictures and the memory was full and couldn't figure out how to change the resolution. I gave the camera away. I really don't fault the camera, instead my issue is with the refurbisher.",delivery; battery; performance; compatibility
ELEC-076,Electronics,"All 3 screen protectors arrived damaged. Upon opening screen protectors, all 3 protectors were damaged despite the packaging appearing to be free from damage. Each protector had a couple creases/ were bent in the left upper fourth of the screen protector. Upon applying to my laptop screen, the creases prevented the screen protector from adhering to the laptop screen smoothly without bubbles. Disappointed.",delivery; performance
ELEC-077,Electronics,"Worked for less than 1 year.. As I have to work from home, I had to make sure I had a good internet plan and modem/router. This provided reliable internet for maybe 6 months and now I'm being told I ""need a new router"" although this is one of the accepted ones on the list. Everyday when I wake up for work I have to restart the modem which eats 30 minutes into my workday. It randomly turns off during the day. They only have a 90 day warranty and when you call customer service after that 90 days, you're told to purchase a plan if you want to troubleshoot. Well what if I dont know if I want to troubleshoot? What if I want to ask a question? Pass on this product.",customer_service
ELEC-078,Electronics,"Extremely poor glass quality and fit. [[VIDEOID:8d30bdd4badd337479ccc65c39af4de4]] The built quality is the worst I’ve seen in any lens protector regardless of price. The glass is fitted so poorly it rattles, making it useless for video.",quality; price
ELEC-079,Electronics,"Looks aren't everything. Oh, the purple octopus is cute. But the USB ports are so large that anything you plug in will soon disconnect. I have resorted to duct taping the two USB items I use all the time (mouse and printer) and being sure not to move an inch if using the other two. You do get what you pay for, folks!",compatibility
ELEC-080,Electronics,Don’t buy these ones!. Worst knock off lightning cables we’ve bought yet. A couple of them just out of the package wouldn’t even charge our phones. It would say charging and then it would disconnect. Waste of money.,packaging; quality; price; battery
ELEC-081,Electronics,"Get a Ring. Do not buy this camera. I've bought two thinking the upgrade would be better than the first version, nope! The XT2 feature two way talk feature does not work, it takes forever to load and by the time it loads the person at your door has either robbed your house or has taken off. The motion detection only picks up fast moving cars. The cars that drive by, not the 10 people that have walked passed my house today. Lastly, the camera uses so much batteries that it makes it difficult to keep. You change batteries monthly which gets expensive. And do not call technical support their only rebuttal is this junk needs new batteries not all the design flaws mentioned above.",quality; price; customer_service; battery
ELEC-082,Electronics,"The charge doesn't last long. I was excited to get this because I wanted a tiny speaker that I can clip to my belt at work and not have to worry about it getting lost or stolen. I'm very disappointed because this little thing barely lasts an hour. I've never had one with a charge that dies so fast. Now I'm hoping that someone will steal it, so I'll have an excuse to buy a better one.",delivery; battery
ELEC-083,Electronics,Should be better. Poorly implemented design and capacity. It falls off easily. It’s too slick making it hard to pick up. It heats up the phone while it’s trying to charge the phone—not good for phone battery life. Overall this idea is a failure and there is no good Apple battery case for newer phones.,quality; battery
ELEC-084,Electronics,One Star. Did not work with my Samsung Galaxy 6. Returning shipping costs almost as much as the product.,delivery
ELEC-085,Electronics,Average Battery life.. Installed in about 30 mins. Battery does not match the life of the one it replaced when it was good. Overall a good battery. updated after 8 months battery will no longer hold 25% charge. Seller honored warranty and refunded purchase.,customer_service; battery
ELEC-086,Electronics,"more cheap plastic junk. I have to stop trying. I was really surprised with this brand and pricepoint. It's much smaller than you think, the knobs are cheap plastic and barely protrude from the sides, you almost can't turn them. I shouldn't even have opened the package. Didn't bother powering up. Think I'll visit secondhand shops for radios.",packaging; quality
ELEC-087,Electronics,"Low Power Charger. Returned this today. Supposed to charge a Kindle quickly, but the Kindle gives a ""connected to low power charger"" error. Already have several chargers that do that.",customer_service; battery
ELEC-088,Electronics,"Not what I wanted.. I just received them today. Straight out of the box they felt extremely cheap. I thought, well for 18 bucks, what do you expect? But they are also very uncomfortable to wear. They have a strange fit. I thought they would be too small but even on my really big head, they are too big. They also sit strangely on my ears. The sound is okay but it is only coming out of one ear. I guess I will look for something that cost a bit more and hopefully is what I'm looking for. These are not it.",packaging; quality; price; performance
ELEC-089,Electronics,Not worth the money. Worked ok after the first charge and quickly went downhill after that. Stopped working on day 32 and can not be returned.,price; customer_service; battery
ELEC-090,Electronics,"Bad Screen, battery, can't hold a charge. No time to play. Don't buy . Disappointed.. Returned to a staple. Screen tanked, turned green. holdp change of $400 plus on my cc, get second one which of course is ALWAYS refurbished, now lose 4%battery unused every 20 minutes, no wireless battery charging. Seems like they haven't improved much with new models either. Specifically wanted no bloatware phone but moto may as well uber me directly to Apple store which I've avoided.I don't have time for their epic failure and just Google the videos and instructions. That's how bad the battery and intentional selling of a known screen issue was when I bought . How many employees gave good reviews because I hate Samsung but Motorola has REALLY failed including rude reps even when I give them a case number. Huge lose.",customer_service; battery; performance
ELEC-091,Electronics,"2 broke within a couple weeks. Barely had them and 2 of them have broken or bent. The connector, to your device, have broken and won't work",durability
ELEC-092,Electronics,"Did not work with older IDE drives. It did not work for me at all. Maybe these older IDE drives don't work with anything like this. Unfortunately I didn't get a chance to try it before the return period was up. If you plan to use this with an older drive, be sure and try it before the 30 days is up.",customer_service
ELEC-093,Electronics,I loved this until it just snapped. It lasted 5 months until it broke. It’s sturdy but doesn’t last.,durability
ELEC-094,Electronics,"Item not as described, did not fit my laptop. Did NOT fit my Dell Inspiron M5030. The tip won't fit the little jack on the side of my laptop. Bought a quality adapter/charger straight from Dell, cost $59.99 but 90w (better than 65w with this model) and it FITS.",quality; price; battery; compatibility
ELEC-095,Electronics,"Worked great at first. I have a large monitor and found the included six-foot cable was just not long enough to reach between my laptop and 32"" secondary monitor located several feet away.. I either had to disconnect my HDMI cable or step over it when connected to my laptop. This 4K ten-foot HDMI cable not only works well, but it also looks good too! Update 11/01/20202 I noticed my connection keeps dropping every few minutes time to find another cable.",compatibility
ELEC-096,Electronics,If you have WINDOWS 10 beware!. Loved the device worked perfectly until July 29th when I converted to windows 10. Drivers are obsolete and I am now stuck either purchasing a windows 10 compatible device or being limited to 2.4 speed vs 5.0.,performance; compatibility
ELEC-097,Electronics,There is always liquid detected. Every time I plug the cable in it always say liquid detected. So I thought it was my iPhone case or something. Then I removed my case and plugged it in again and it kept saying the same thing. So I plugged my phone into another cable and it didn’t say liquid detected. So I don’t like the product in my opinion just because of that issue,compatibility
ELEC-098,Electronics,Defextive. Did not work right after I plugged it in. I will have to return it. Maybe I just got a lemon.,customer_service
ELEC-099,Electronics,"No driver included.. The concept is fine and I finally found an audio out jack on my LG TV. LG did not put a Bluetooth output on their top of the line TV. I had to use a Bluetooth transmitter from another product since none was included with the headphones Volume is a problem with them. I normally use a volume setting of 8 on the TV. With these headphones I has to use a volume setting of 40 to hear speech. I was impressesat first, but the lack of any gain sort of killed that. I could not comment on quality of the sound because of the lack of gain. Maybe it is great, I just could not hear hear it.",quality; performance; compatibility
ELEC-100,Electronics,BUYER BEWARE!!!!!....Remote is a KNOCK OFF and NOT a Samsung Original Remote!!!!!!. Remote arrived with several white scrapes and scratches......Remote is a KNOCK OFF and NOT an original Samsung Remote!!!!!!,delivery; performance
ELEC-101,Electronics,One Star. Terrible did not work on 7+ IOS. Slow not intuitive,quality; performance; compatibility
ELEC-102,Electronics,"Didn’t work. Ordered because on a Sale, they didn’t even work.",quality
ELEC-103,Electronics,"Looked way better in the picture. This looked very nice and solid look in pictures but in person I was disappointed. It looks more rugged, jeans-type and wrinkled. If you like the rugged look then it is for you. I was hoping for a formal look, it looks too casual for me. The magnet buttons are nice though.",quality
ELEC-104,Electronics,"Counterfeit, same as $12 HYS antenna, NOT a Mirkit. See pics and pics in ad. The numbers molded into this antenna are the exact same as a $12 HYS antenna (https://www.amazon.com/Bingfu-136-520MHz-Foldable-Tactical-Handheld/dp/B07TYBX86D/ref=sr_1_6?dchild=1&keywords=foldable+antenna+uv-5r&qid=1589643418&sr=8-6), only difference is the HYS doesn't have a peeling ""mirkit"" sticker on it. Haven't tested the cheap HYS, but I'll bet it has the same mediocre TX/RX as this fake Mirkit. Save your $26 and get the HYS (link above) for half the price!",quality; price; durability
ELEC-105,Electronics,"Not blue tooth speaker compatible. This phonograph is so cute, but unfortunately would not pair with my Bose blue tooth speaker which the description purported it would. The sound quality is suitable for kids records, but I'm guessing kids don't play records these days. Wish it had worked out.",quality; performance; compatibility
ELEC-106,Electronics,Doesn't work well with firetv. Can't power off a fire tv with a routine. Absolutely dumb.,quality
ELEC-107,Electronics,Junk. Bought two of these and they both held a charge for a month.,quality; battery
ELEC-108,Electronics,One Star. Loved the cover picture but snap on cover became unglued,quality
ELEC-109,Electronics,Junk. Was a piece of junk I hooked it up and it lite up red and wouldn't work at all. Junk I sent it back.,quality
ELEC-110,Electronics,0. There's no adhesive on these at all!,quality
ELEC-111,Electronics,"middling product. Fun for a little while but battery is so low capacity, .. you need to keep it on a cord. An it loses its fun appearance of non corded antique. Sound quality was hoped for, but this is no better than my cell phone. Poor. I had hoped it would be better.",quality; battery; performance
ELEC-112,Electronics,"not happy with keyboard went with apple ""I"" pad and love .... This one is not for me, very small type, not happy with keyboard went with apple ""I"" pad and love it.",quality
ELEC-113,Electronics,Didn't work.. Bought this for the additional length. After extensive troubleshooting I discovered the cable did not work. Returned.,customer_service; compatibility
ELEC-114,Electronics,Slow when I use wifi upstairs. I found a much cheaper alternative and it works much faster especially when I go upstairs. The price is expensive. Not a fan,price; performance; compatibility
ELEC-115,Electronics,"The screen is blurry….. [[VIDEOID:97cf7584032dc60ffb81a65bba93fcef]] Wanted and was hoping to really like this. The 7 inch tablets are great for reading. They fit in my hand well and like them for reading. This has a HD screen, but even the slightest angles make words blurry. This is true for anything that is showing on the screen, from pictures, to Apps, to books. If you look directly at the screen without moving it is fine. Any movement constant blur. Disappointing Trust you found this review honest and helpful:-)",performance
ELEC-116,Electronics,"Super-sensitive hang-up button!. Great sound, but a ridiculously sensitive hangup button on the cord ruins it. By moving around, you will keep hanging up on people unintentionally!",performance
ELEC-117,Electronics,Didn’t work after the first day. Worked for a day. Then kept connecting to WiFi. I tried everything and still didn’t work. When it did it was great. However I’ve had issues with my amazon products as of late.,delivery; compatibility
ELEC-118,Electronics,"Speaker is TERRIBLE. I sent it back. The sound on this unit drills into my skull 15 minutes after listening. Tinny and shrill. I've had $10 radios with smaller speakers that sound much, much better. Reception, however, is incredible. SW on this unit is great. Thus the two stars.",quality; performance
ELEC-119,Electronics,"Forget the converters, buy a wide angle lens. I knew the reviews were bad, but I purchased it anyway. It made the lens wider, but added a black circle. If I was to crop the picture to remove the circle, I end up with a photo that is as wide as if I didn't have the converter in the first place. The only saving grace of this thing is that I hold it up to my lens backwards, it creates a strange door peephole effect.",quality
ELEC-120,Electronics,Screen stopped working after 8 months. Supposed to be under 1 year warranty but window for addressing it closed 7 months after purchase. Doesn't make sense.,customer_service; performance
ELEC-121,Electronics,Files would not reliably transfer to this micro SD card .... Files would not reliably transfer to this micro SD card. Only a portion of the files transferred successfully. Faulty product.,quality
ELEC-122,Electronics,"Caution on sizing and quality. Very small. Had to return. I do not have large wrists but even on the last hole this was very tight around my wrist and hurt. I'm tired of all these Chinese made products selling to the USA with sizing not made for American body frames. No instructions on how to open either and it was pretty hard to pry open to insert tracker. I have to say the leather was not quality either and would fail most likely after months of daily use, certainly not worth 20 bucks +",quality; customer_service
ELEC-123,Electronics,"Not impressed during Hurricane Sandy. Bought this unit from Radio Shack a year or two ago as a just in case. I was glad to have it for Hurricane Sandy and the anticipated power outages. The hand crank seemed to work fine, but the solar panel did not seem to work at all. I had left in my window for a day while the weather was sunny but the battery did not seem to charge. A better option would have been to include the possibility of inserting regualar batteries into the unit. For that one has to upgrade to a more expensive model. I have since donated this radio to someone who may need it more than I do. I will try a model that includes a port for regular batteries, but not necessarily from this manufacturer.",price; battery; compatibility
ELEC-124,Electronics,"Good idea, but not just right. Had to return this. It is too bulky and the battery life won’t last all day.",customer_service; battery
ELEC-125,Electronics,Manufacturers defect and terrible customer support.. Just brought this TV in March and the panel is screwed. Turns out it's a manufacturers defect. Trying to get this TV replaced or repaired has been HELL! I had been calling support since March and finally got through at the end of July. I've been transferred to 3 different departments just to get the exchange finalized. No one has made any effort to contact me about when or how this exchange will take place. Terrible!,quality; customer_service
ELEC-126,Electronics,"Not as good as banana plugs with set screws.. I don't like this style of plug...when you screw the top part on, it cuts a lot of the copper strands leaving a loose connection. The plugs with the 2 set screws work far better!",compatibility
ELEC-127,Electronics,"Disconnects. battery problems, now left side stopped working. Problems for the past 3 weeks now it is worse. Intermittent disconnects, reconnects, battery problems, now left side stopped working. The 2nd pair I bought for my girlfriend also has problems with sound & reconnecting. The Base sound is mediocre compared to my old Senso BT and Sony headphones has much better sound compared to these. Cheap quality!!",quality; battery; performance; compatibility
ELEC-128,Electronics,Watch sucks. Difficult to set up. You have to connect.Bluetooth all the time. The app that goes with it only measure km on distance,compatibility
ELEC-129,Electronics,I am having trouble hooking it up I went to .... I am having trouble hooking it up I went to a couple of sights SKYPE and VOIP no luck I think maybe it only works in CONUS I'm in Germany,quality
ELEC-130,Electronics,"Man this thing it small and thin. Ok, I have big hands, and this thing is small. I had my son help me, and we used his iPhone to illuminate the camera as I put the cover in place. I was worried about seeing it and closing the lid to my Mac. When I opened the package, I immediately lost all of my worries. Works great, and I never notice it's there. Now all I worry about is remembering it's installed. MacBook screen broken, a crack ran right up to the middle of the slide. I will not be using it again.",packaging; delivery; performance; compatibility; durability
ELEC-131,Electronics,"Didn't work. This product is truly comfortable to wear, non slip ear phones, easy to manipulate controls. My problem is the product sent to me does not work. The little red light came on when I was trying to charge the battery, but went off almost immediately. Nothing I did charged the battery. So these are rather useless for me.",battery
ELEC-132,Electronics,Not a very good deal. Did not fit my iPad Air case. Covered up the volume buttons. Fast refund though.,customer_service; performance
ELEC-133,Electronics,Misleading. The flat cat 7 is supposed to have copper ends. Instead it has red plastic which is very fragile and will easily snap.,durability
ELEC-134,Electronics,BUYER BWARE!!!!!>>>>ONLY LASTED 3 MONTHS!!!!!!!. BUYER BEWARE!!!!!!....Battery only lasted 3 months!!!!!!DO NOT PURCHASE!!!!!!!,battery
ELEC-135,Electronics,"LOVE this company, HATE these headphones!. I got these in and LOVE how small they are! They go right in my ear and I connect them to my phone pretty easily. Then I start playing music and walk one room away from my phone in the house and it starts cutting out and disconnects completely. I walked like 5 or 7 feet away when it cut out. I then connected them again and put my phone on top of my car outside and walked about the same distance and it disconnected again. It has extremely short range. SO I started carrying my phone to listen to music but then the problem is, these headphones fall out non stop and don't stay in my ears. Just problem after problem with these and I've never had a pair so awful! I've had dollar tree headphones I loved more than these!",price; compatibility
ELEC-136,Electronics,Stopped working first week. Quit charging after only one week. It’s seems solid built but cuts in and out.,battery
ELEC-137,Electronics,"Not an upgrade from M570 for me.. I was looking to upgrade my gaming mouse. I was excited to try this one, but when I got it plugged in, there were two things that immediately upset me. First, it didn't use the Logitech SetPoint software all my other Logitech devices have used for many, many years. Instead, I had to install a new software to customize the buttons. Second, the mouse acceleration I've become accustomed to was eliminated from this mouse in the software. In its place, they added a ""precision mode"" button that required me to take my thumb off the trackball to toggle between fast movement and slow movement. As a gamer, this is unacceptable. I loved everything else about this mouse, but it didn't work for me, since my primary use is gaming.",performance
ELEC-138,Electronics,Not strong and sturdy.. I ordered 3 of these. Two have already shattered on the tablets. Afraid to take them off. If the screen underneath gets ruin while taking it off I don't believe Amazon would cover the warrentery. Te company wants me to take pictures of the screens and send it to them. Now I have been made to feel like a liar.,performance
ELEC-139,Electronics,"Too small for my laptop and smallish keyboard. It is so hard to find a good laptop bag that fits a laptop AND a keyboard. This one, boring as hell looking, seemed like it would work and while I didn't relish the thought of carrying this lump of canvas around, I did like the thought of my precious electronics making it through trips safely. But, alas, my search for a safe bag continues. This bag does have a lot of pockets and zippers. All the zippers zip and all the pockets function as a pocket should. The handles on top were securely sewed on and the bottom of the bag was likely to be water resistant, in case you set this down on a rain wet spot.",quality
ELEC-140,Electronics,"Great bag for a 17 inch plus laptop. Was excited to see a quality bag available on Amazon for my new 16 inch MacBook Pro - the existing one I have for my old 15.4 inch is too small. BUT, this bag is HUGE - it could carry my old 17 inch MacBook Pro and still have room to spare. This must be old stock left over from years ago - no good to me so sent it back. Still looking.",quality
ELEC-141,Electronics,Shortens Clip Length. Have connected these to three Blink cameras with batteries removed. My cameras are set for 60 second clips and on the ones that have been plugged in for a week the longest clip was 10 seconds and with two landscapers edging my property today the cameras did not record for 60 secs but took numerous 5 - 10 second clips. These will be going back for that reason. My battery operated cameras all keep recording for 60 secs.,battery
ELEC-142,Electronics,Sees motion when there is none and freezes/disconnects/stops working. .... Sees motion when there is none and freezes/disconnects/stops working. In about a month I have had to reset and reconnect and reprogram activities 3 times.,quality
ELEC-143,Electronics,Defective. Watch would hold a charge for barely one day even after charging overnight. I was on a business trip and had to buy a cheap basic watch to use. Unfortunately I lost theTOZO and was unable to return it for replacement.,quality; delivery; customer_service; battery
ELEC-144,Electronics,"Disappointing. Extremely slow, the size is not accurate, when copying a 200mb file it suddenly takes 700mb space on the disk, how is this even possible 😳",performance
ELEC-145,Electronics,"Does Not Work With Windows 10 unless you find additional software at your expense. It was recognized at first but does not work with my Windows 10 OS. No driver updates and the LG Website said it must need a repair after just a few months. Garbage! The LG website now says I have to purchase software for Windows 10 so it will work. They are selling a product that requires software they do not provide. If you use Windows 10 or ever expect to upgrade, do not buy this.",quality
ELEC-146,Electronics,"Broke in less than 2mos.. Less than 2 months in, and this thing is producing a horrible electric feedback when streaming. Piece of JUNK, and of COURSE it's out of return window!! 🤬🤬🤬🤬🤬",quality; customer_service; durability
ELEC-147,Electronics,Not fast charging at all very upset find another one,battery
ELEC-148,Electronics,"Total Waste Of Money. These are way too soft and flimsy, wont stay over your ear even when just walking. I have had them three weeks now and the microphone has just failed.",quality; price; durability
ELEC-149,Electronics,the package came only with a tile I understand that .... the package came only with a tile I understand that it works with adhesives I downloaded the app as instructed,packaging
ELEC-150,Electronics,"Refuse to let them get information via there app. The Mi Home app is integral to using the monitor. Once I downloaded, and started putting in my information, I thought it was odd they wanted to know how much my electricity runs. Nope. Then it goes to the terms and conditions, which I would strongly advise to not accept. There is a clause that allows them access to any and all information on any device using their app or products. Nope. Won't do that either. I noticed that in the directions, it indicates to use Mi Home for the app, but in the instructions, it indicates it is ipc360 app. Both contain the same sort of clauses. I have never had an app that wants access to any and all documents, contacts, etc.",quality
FASH-001,Fashion,"Expensive low end workmanship and materials. Cheaply made. It is soft, but the fabric is already pilling after one wearing. Its comfortable for wallowing around the house, but certainly not something that I wear any other time. The color block area is not the same plush type material - it is a weird slick polyester of some type. There are a couple of places with loose stitching already as well. Just poor quality and way overpriced as well.",quality; price; size_fit; material; color; durability
FASH-002,Fashion,"Loose threads inside. They won't last very long.. These Women's Novelty Cotton Crew Socks are cute. They are a little longer than I like. I do wish they would have arrived 3 days earlier. These socks are thin and have loose threads on the inside. Being a hand knitter myself, I have never left loose threads like this because the item will unravel. If you are only wanting to wear them on American holidays you will need to hand wash them after each use. I will not be recommending these Women's Novelty Cotton Crew Socks to family and friends.",delivery; size_fit; material
FASH-003,Fashion,I like the fact they were easy to return. They fit big. I bought the smallest size and they were to big and baggy. On the heavy side very long like 34 length,customer_service; size_fit
FASH-004,Fashion,Didn't last long. One washing and done with.,size_fit
FASH-005,Fashion,"Short, Short, Shorts. Built in underwear. Really short, don’t feel to comfortable having my 9 year old wear them anywhere.",size_fit
FASH-006,Fashion,"Cheap - I Got What I Paid For - Not Durable At All. This pair was worn only on an occasional Sunday to church. (of course we were prevented from going to church for months) Both of the inside bottom liners became detached after the 1st wearing. The shoes are difficult to get on, because of the flimsy backs. The shoes are difficult to get off due to the rather tight fit on the straps into the metal ""hooks"" Yes, I got exactly what I paid for ... cheap price, cheap product.",quality; price; size_fit; durability
FASH-007,Fashion,"Broken after wear. ***broken adter 4th wear, talk about the worst wedgie ever.*** This little miracle worker has given me my confidence back to wear a dress! I've put on about 20lbs this past year and I'm super self conscious about it, I have a wedding to go to soon and this body suit has given me the confidence to wear it in front of everyone that seen me 20 lb lighter. I will buy again in nude!",color; durability
FASH-008,Fashion,"Not a two-pack as described; the one I rec’d is perfect for light post-surgery compression. I ordered a 2-pack and am disappointed that this is actually a 1-pack (one bandeau). The one I received is a comfortable, “barely there” bandeau yet perfect for light post-surgery compression. I would rate the product 4 stars but give it 2 stars for advertising the wrong quantity. In summary, I tried this in a large to extra, extra, extra large and all the sizes in-between and these bras fit me perfectly in any of those sizes without much difference in feel or tightness. I got these to help reduce swelling after surgery and this is working perfectly for me. I also love the lilac color.",size_fit; color
FASH-009,Fashion,Very very lightweight. It's not flattering very lightweight no stretch,design
FASH-010,Fashion,I actually like my Sanuks better. There's really nothing else to say...,quality
FASH-011,Fashion,The waistband was black. The problem is that I received underwear with a black band and beige bottom....so not what I expected. I expected all beige as advertised :(,color
FASH-012,Fashion,Not worth buying to bulky and difficut to use. They are pretty but they are not worth buying I was upset because they are not user friendly and the material is super cheap. I will never buy this item again.,quality; material
FASH-013,Fashion,"Not sold. Name to small, chain to thin, clasp to small. First, i can not put it on with my nails, i do not have this problem putting on my other chains, also the name is so small, when i asked my co-worker if it was on backwards, he asked me what did it say.",size_fit; material
FASH-014,Fashion,"Too Small at Hipline and Zipper Malfunctioned. This coat is extremely warm but didn't fit and was not flattering AT ALL. The waist is oversized, the zipper started so low that it was difficult to zip while bending over and got stuck and the hip line is way too snug if you have even the slightest curves. You will look all stomach in this coat even if you don't have a gut.",size_fit; design
FASH-015,Fashion,"Don’t waste your money. Very pretty but not much support, and I kept falling out of it all day. Very disappointed. If you have a cups and no cleavage maybe it would be ok but if you are curvy don’t waste your money",quality; price; customer_service
FASH-016,Fashion,"So itchy. The sleeves are pretty but they were sooooo itchy. Like I couldn't keep them on itchy. I felt so bad because it was sweet and pretty, but I just couldn't stand them. If that doesn't bother you then maybe it is an issue. The color is pretty and as pictured. Fabric was a little thin. Overall, could be an okay issue if you are not sensitive to very itchy fabric.",size_fit; material; color
FASH-017,Fashion,PAINFUL!!!!!. These are PAINFUL to wear....look really cute....but PAINFUL!!!!!!!,design
FASH-018,Fashion,"Awesome blue dtatement shoe..BuT, runs small!!. Way too small..Have to return!! Love the color...it is beautiful blue. Height is perfect, these would add a classy touch of fun to any outfit..wear with jeans, fun shorts/tank outfit or dress. The shoe adds splash and great, fun color...IF, THE SHOE FIT TRUE TO SIZE AND IT DOESNT!",customer_service; size_fit; color
FASH-019,Fashion,Too stiff. Look great but the herl had what felt like carboard and my foot could not stand it. No support.,customer_service; design
FASH-020,Fashion,"not leather. the color is nice, but it's big and won't flatten, it is NOT leather it's more like a plastic weaved product, my old wallet is leather and has been washed in error 2 times and Still smells of leather, and will have to do.",color
FASH-021,Fashion,"Ouch!. These, IMO, are HORRIBLE. They have a cork sole and they are so hard. I tried to give them to my daughter and granddaughter because they didn't have enough support for me and they weren't comfortable at all but they didn't like the comfort either. I threw them away. What a waste of money.",quality; price; customer_service
FASH-022,Fashion,"One Star. Feet slide from side to side while wearing, not snug enough",size_fit
FASH-023,Fashion,Poor quality lace. Looks really cute and looked of good quality however first time wearing and the lace which is built in broke.,quality; design; durability
FASH-024,Fashion,Dont buy. Absolute overpriced garbage from India,quality; price
FASH-025,Fashion,"Only the pants are blue. I am having a navy blue, black and white wedding true enough but I'm not happy with this because only the pants are blue out of the entire outfit. I expected the bow tie and suspenders to be blue as well!",color
FASH-026,Fashion,Two Stars. not the quality I had hoped for - returned them,quality; customer_service
FASH-027,Fashion,runs small. Could be a cute sweater but didn’t fit right -sleeves are too short the back collar doesn’t lay down not very thick sweater I returned it,customer_service; size_fit; design
FASH-028,Fashion,So uncomfortable. Don’t believe any review that says these are comfortable. They are so uncomfortable to wear. They have no arch support. They are not plush there’s no padding at all.,customer_service
FASH-029,Fashion,"Feathers fall off just putting it on! Got it .... Feathers fall off just putting it on! Got it to dress up for a child's party, but really cheaply made.",quality; durability
FASH-030,Fashion,Defective velcro. Velcro stopped sticking. The prickly part wore out the soft side of velcro. I added velcro and it happened again.,quality
FASH-031,Fashion,"Not the same color/patters as picture showed. I got what I thought was the pink floral pattern. It came in the mail in a bright purple color and different patterned flowers. I still like it, but just very disappointed since it wasn’t what I expected.",delivery; design; color
FASH-032,Fashion,Top too big to match bottom. Top was way too big to match size of bottoms. The shirts were fine. Extremely large armholes. Large bottoms fit fine. Typically I wear a large top and bottom. I returned.,customer_service; size_fit
FASH-033,Fashion,Very large. Returned next day for credit.,customer_service; size_fit
FASH-034,Fashion,"It'Beautiful but NOT Long Lasting!! It Broken!!!!! Never Replaced. I really loved it! However, it tore the fact when it was made, they used thread which was NOT heavy duty thread. It tore only 4 days after receiving the necklace. I did not want to be without the crystal, and why thread it myself. I am attempting to thread it myself using heavy duty thread, but I cannot and I should not. I should receive another, and I will return the broken one to them. I feel I should have received something from the seller. An apology at the very least. I have been a long time Prime member; Amazon has always made things right, so I do not understand what is the problem.",customer_service; size_fit; durability
FASH-035,Fashion,Cute. This sweater is so cute !! However it is really really short ! Way above the bellybutton .. wish it wasn’t so short! It’s so soft ..,size_fit
FASH-036,Fashion,"Nubuck Photos TOTALLY Misleading. The color of the ""Nubuck"" shoes that I actually received is MUCH darker than the light colored shoes depicted in the online photos. What I received looks more like the ""Brown Oily"" color. Why not post photos that match the reality of shoe color options and save all of us some time and frustration. That said I own a pair in black and they are indeed VERY comfortable.",design; color
FASH-037,Fashion,"Dear me. It's a very light, nylonish slippery fabric. I'm disappointed.",material
FASH-038,Fashion,"Too small for mens size 10. Several others have also said the same thing - too small. I have a size 10, I can get them on, but they are really tight and not as tall as pictured. Rise about 1/2-3/4"" above the heal.",size_fit
FASH-039,Fashion,Beautiful. I can only give it 2 stars it took weeks from wherever it came from. Quality is not good I got a blister for the first time where it was sewed it was rough and it is though to put this shoe on wit the elestic backstrap. I actually blame Amazon because they should tell the good customer like me that it comes from country which is not an American or EU country. I did not send them back because it is a hassle. Nice shoe but do not recommend it buy these in Walmart. I am a great lover of Amazon but they have to change this happens to me often with China products I would never buy them if I would know it come from such a company they do not care sizing and bad material.,quality; size_fit; material
FASH-040,Fashion,Did not work. This was terrible on me. The fit was completely wrong and it just hung there. It wasn't flattering at all. For me it is just unwearable. The fabric was a pretty color and was soft. The shape just wasn't working. Perhaps it will depend on your body size.,quality; size_fit; material; design; color
FASH-041,Fashion,"Defective Product. I purchased two of these from this seller and a different seller. They were supposed to be two different colors (grey and army green), but both came as the same color. On FIRST wear for BOTH items, the pocket seam came loose in the SAME place. This item is clearly defective. Although it fit well, and looked nice, it is useless with a torn pocket. I'm thinking these may have dry rotted at the manufacturing facility. Unfortunate.",quality; customer_service; size_fit; color
FASH-042,Fashion,Too wide for boots. Unfortunately this bootjack didn't work as the antenna on the bug were set too wide apart so didn't hold my boot. Purchased another brand which was so much better. Would work for someone with wide shoes.,quality
FASH-043,Fashion,Tough. It's very hard to break in these shoes!!! Though they're water resistant but it's not comfortable for you to ear them waking all day.,durability
FASH-044,Fashion,Each pair had something wrong. One pair short ...one pair so low and straight you need suspenders to keep them up. Defective!,quality; size_fit
FASH-045,Fashion,Not as shown. No as expected. Way too large. Strings too long when you tighten them.,size_fit
FASH-046,Fashion,"Thin but warm. This is a hot polyester thin shirt, too thin to be called a sweater.",material
FASH-047,Fashion,"I expected better quality. Super thin, just looks nice. Not worth the price.",quality; price; material; design
FASH-048,Fashion,Didn't like the material. Cute but didn't like the dry fit material,size_fit; material
FASH-049,Fashion,The legs are way too wide. The pant legs are huge on this product! Not at all what they show in the picture. I’m very disappointed but due to covid and it’s precautions iI’m not going to return them but am not happy with them!,customer_service; size_fit; color
FASH-050,Fashion,Nope same thing like what I bought before. Surprise surprise it's not pink it's white but can use it Sort of comfortable Not really soft,color
FASH-051,Fashion,"Beautiful but…. This is a pretty top, but the white version is paper thin. I loved it, but it’s just too thin.",material; color
FASH-052,Fashion,One Star. THIS IS ANOTHER STUPID DESIGN AND SIZE DO NOT FIT. I WISH I CAN SEND IT BACK,size_fit; design
FASH-053,Fashion,"Not worth the money. Everything they sell anymore is see through. When are American companies going to learn that the Chinese and all the Asian countries make crappy stuff? Thin material. Sizing all wrong, bad thread, bad workmanship, fragile buttons. Crap!!!!",quality; price; size_fit; material; design; durability
FASH-054,Fashion,"Poor purchase. This product was a failure, no room in the dress and not enough fabric as shown in pictures......was very upset with this purchase.",quality; material
FASH-055,Fashion,Are these for children?!?. These are so short and tiny I don’t even think a 10 year old would fit.,size_fit
FASH-056,Fashion,"Mangled mess. This hat is a mangled mess. I steamed it as suggested, ironed it, soaked it with a hose and laid heavy box on it until it was dry & I still can’t get the sharp wrinkles out. Even if I did nothing about this lays flat or smooth. Don’t even think you could travel with this. And though it is approximately as large as they say it is in writing (it is 30”), it’s still not as big as the one the woman is wearing in the photo.",packaging; size_fit; material; color
FASH-057,Fashion,Two Stars. They are about a foot too long. :(.,size_fit
FASH-058,Fashion,Runs big go one or two sizes down. Very stretchy. I’m 5’1” and weigh 98 lbs. bought 28 and they so big and stretchy I can pull on and off Sad. I would not buy again.,quality
FASH-059,Fashion,awful. I would rate lower if I could. This is awful. It feels awful. It looks terrible. It does not stay on. Your skin feels gooey and sticky. Gross this is a waste of money. Big regrets for this purchase.,quality; price; design
FASH-060,Fashion,"Honest and True. Item is great as for as design, but sizing is two sizes smaller then actually described. Go two sizes up if you consider this item.",size_fit; design
FASH-061,Fashion,"Nope. Do not buy. I like some Allegrace , but not these pants. Opened and they smelled like some chemical. Very thin. Going back.",material
FASH-062,Fashion,Sizing is NOT Accurate!. Sized horribly. I fit a 13 from everyone else. This fits like a 10. Quality is poor as well. Frayed seams. Loose stitches. Not worth ½ what I paid even on a Lightning Deal. Returning and shopping elsewhere.,quality; size_fit
FASH-063,Fashion,"Cute at first, but. The fake ""silver"" finish wore off quickly with daily wear.",quality
FASH-064,Fashion,"The Cat is Cute. My teenage daughter likes to wear socks with her Mary Jane style shoes. I thought she’d love these. While they are super cute with the cat sticking up out of the back of the shoe, the socks are just not the most comfortable or best quality. The sheer parts are very uncomfortable on the foot. You can see the strings and things from the heel area all in the sheer part. They just have a messy look to them. The bottom colored parts aren’t much better in terms of how they feel. It is a little thicker in those parts, but have this weird polyester feeling to them. Definitely look cuter in the picture than they do in person.",quality; material; design; color
FASH-065,Fashion,Caused swelling and itching. It was nice for a couple of days until I noticed swelling and itching. My fingers ended up scabbed in the area the rings were. Don't buy.,quality
FASH-066,Fashion,"Scratchy, hot fabric. My husband just does not like these sleep pants. He says they feel a bit itchy even after being washed twice. The cut is weird in the thighs and the pants bind if he rolls over. I tried them myself and he's right...the fabric is scratchy and hot.",material; design
FASH-067,Fashion,"Received wrong size. Looks cute, but I ordered a size medium. I received a large so I can't say if it fits well or not, nor can I comment on how it looks.",size_fit; design
FASH-068,Fashion,The material wrinkles easily. Disappointed in the quality. The material is very thin. The material wrinkles easily. Disappointed in the quality.,quality; material
FASH-069,Fashion,"Disappointed ☹️. I ordered this coat for my 3 yr old grandson in a size 5-6 so that he would have it for NEXT yr. It would hardly have fit him now, it was so small. I returned it and ordered a different brand that was true to its sizes.",customer_service; size_fit
FASH-070,Fashion,"Wrong top for my body type. It was to snug on the belly, and to lose on my shoulders. I figured going up a size might help I've, but the shoulders would likely look much worse.",size_fit; design
FASH-071,Fashion,Runs small get a size up. This runs small. It's super soft and really cute I just ordered wrong. I gave it to my mom and she loves it. She wore it with jeans and some cute black booties.,size_fit; color
FASH-072,Fashion,Damaged.. There is some stain on it. It looks like ink. I’ll be returning it.,design
FASH-073,Fashion,Not that great.. It appears smaller than advertised. Chain is so fragile.,size_fit; durability
FASH-074,Fashion,Not authentic looking?. I don’t think these are authentic. They were not the same size as what I tried on in the sunglass hut.,size_fit
FASH-075,Fashion,Don’t buy. Super thin and very see through and much different shade of blue than in photos.,material; color
FASH-076,Fashion,3X is extremely small - more like a size 10. The sizing is way off. 3X is extremely small - more like a size 10.,size_fit
FASH-077,Fashion,I could barely get this over my head. Ordered a gigantic size and could barely get it on the band was so small and tight. Cup size great but I couldn't breath - at all it is such tough elastic. This was returned. NOT comfortable.,customer_service; size_fit
FASH-078,Fashion,Very dark. I have not open the bag it is in because they are not the color shown on the site. Very dark color.,color
FASH-079,Fashion,"They say the neon lights are bright. The orange is definitely more garishly neon than pictured, and the gold accents look a lot cheaper than it should. It's not very well constructed, and came apart after one wearing, as the connecting loops on the pendant piece are extremely flimsy and inferior. Not recommended",design; durability
FASH-080,Fashion,Can’t use clasp. Beautiful necklace with a major flaw. This necklace is impossible to put on. It needs a lobster style clasp. Beware. Don’t buy.,design
FASH-081,Fashion,Not great. Strap at toe is very rough and scraped the skin between my toes,material
FASH-082,Fashion,"Unflattering & Too Small. Looked cute online, but was very unflattering. Runs small.",size_fit; design
FASH-083,Fashion,"Literally the lowest quality briefs ever; cheap junk - avoid. Literally the lowest quality garment I have ever purchased. These are poorly made, essentially single-use. Expect seams to open, leg band elastics to snap, and for them to fall apart the first time you wear them. The worst underwear I've ever worn. The fabric is not soft out of the package, and is thin, weak, gauze-like, and tears easily. The picture I have attached speaks for itself. These were worn for about an hour, then thrown away. I guess at this price ($1.50/pair), disposable is the intent. Expect to throw out four out of five pairs after one wearing. Garbage. Not recommended.",packaging; quality; price; material; color
FASH-084,Fashion,Very hard to open. No instructions sent with it. Tried to open to put my address and it broke,durability
FASH-085,Fashion,Beautiful but Broken. I love this dress. It's lovely and fits but it arrived broken! The front loop is undone and the tassle is all frayed. I was hoping to just get a nice dress without having to mess with this stuff as soon as it's opened! Disappointed.,delivery; size_fit; durability
FASH-086,Fashion,"NOT HAPPY!. The recipient of this timer told me that it was apparently a ""return"" from somebody else's purchase as the plastic cover was already partially removed. I am very disappointed to hear this. It does work; however, not a very professional thing to do to a customer. Cecilia Wallace",customer_service
FASH-087,Fashion,"Width is a bit tight. These are very small, I generally wear a 5.5 and a 6 was too tight.",size_fit
FASH-088,Fashion,boys pjs. These are at least 2 or 3 sizes too small! ( purchased 2 different sizes and both were 2-3 sizes too small!) And shrunk even more in wash. They are supposed to snug fitting... but NOT that snug and my grandsons are skinny minnies! I donated them.,size_fit
FASH-089,Fashion,Hated it. This looks like I'm wearing a feed bag. I hated it! Returned it as soon as I got it. Erasing from memory banks....,customer_service; design
FASH-090,Fashion,Not for me. These do not stay on my feet. They wind up rolling down into my shoes and off my feet without shoes.,quality
FASH-091,Fashion,Not great. Ordered these as I am a fan of keeping vests as my go to basics. Was not impressed with them (especially as not particularly cheap). Washed on hand wash and dried on a clothes horse and the quality is terrible. Lost their shape and look as if they are ten years old already after only one wash. Also the straps are way to long and end up exposing my chest unless I keep pulling them up. Not impressed at all with sizing or quality.,quality; delivery; size_fit; design
FASH-092,Fashion,"Most uncomfortable. One of the worst pair I have ever purchased.Been a diesel tech for 40 years ,on my feet all day. These were supposed to extra wide.Not so!My problem was I let them sit for several weeks before wearing them.Not only too narrow but very stiff and no cushion at all.Cannot recommend to anyone.",quality
FASH-093,Fashion,"Not My Favorite. These are not my favorite. They're not shaping enough to really be shapewear. But they're too snug to not be shapewear. That just means they're regular underwear that are uncomfortable. I also found they run a little small. I wear this brand in other styles and got the same size and these are a bit smaller. They're tighter around the top elastic and leg elastics than other styles. I'm just not a fan. They're also not cute. I can deal with ugly undies if they're doing a good job or they're comfortable. When they're neither, I just don't know why I'd bother.",size_fit; design
FASH-094,Fashion,"Terrible fit. I'm normally a 1X or sometimes can fit into an XL if it runs large. I'm curvy like an hour glass. I ordered the first shirt in a 1X and it was so small. The material is not forgiving at all as it is clingy. So, I ordered 2 sizes up - a 3X. I was shocked that it still looked terrible!! So, I returned it. The only ones that this fabric and style would look great on would be thin women.",quality; customer_service; size_fit; material; design
FASH-095,Fashion,"The material looks cheap.. Eh. They were comfortable, but just looked so awkward and cheap, the material is quite awful. I exchanged for genuine leather boots.",quality; material; design
FASH-096,Fashion,- DUMB -. THE SOFT MICRO FLEECE IS ONLY ON THE OUTSIDE OF THE PANTS… YOU MUST WEAR THEM INSIDE OUT FOR SOFTNESS ***,material
FASH-097,Fashion,Affordable. Super cute and gets the job done but the clasps are hard to open and close. For the price they worked.,price
FASH-098,Fashion,so disappointed. This is definitely not Harley!!! The cotton canvas is as thin as you could make it and the beautiful picture of the shiny silver hardware is silver painted plastic!? Sending it back along with cancelling my order i had placed before the bag arrived of the side clip on bag that was $30! Shame on the people who imitate brands and advertise as real! : ( OH...I just called the phone number on the bag tag that said it was for Harley Davidson stores and the number it gave me was for ordering Lyposine!!??? ; ] Amazon great as always and taking care of it. And...The Harley emblem on the front is a peel off decal! Oh dear me,delivery; material; color; durability
FASH-099,Fashion,"Sizing chart is off, thin, no support. Returned.. Way too large and even with the support pads they are thin. No support I guess I could order a size or two down but I followed their sizing chart and what a waste.",quality; customer_service; size_fit; material
FASH-100,Fashion,"Cute design but POOR quality. Cheap, uncomfortable-like putting your foot in cardboard.",quality; design
FASH-101,Fashion,Very uncomfortable. The underwear is very uncomfortable. It’s not 100% cotton and it doesn’t breath at all. And the size runs small,size_fit; material
FASH-102,Fashion,"Hanes Comfort flex pullover Bra. This is a worse iteration of the underwire bra's I've been wearing for years. It's tight, it took me ten minutes to put on the bra and I wasn't sure It would fit. There is no privacy fabric so my nipples show right thru the bra's fabric and my t-shirt. there is no support in the cup area to hold my modest B cup girls in place. Right now the 'comfort flex' elastic around my chest is hugely uncomfortable.",customer_service; size_fit; material
FASH-103,Fashion,Rethink before you buy. It is a tad smaller than I thought and the shoulder pads are ITCHY as all get out. There was absolutely NO hat in this costume. Not happy.,size_fit; material
FASH-104,Fashion,"Very uncomfortable. couldnt wear them, caused sore feet, aching arches and knees",quality
FASH-105,Fashion,"Poor design.. Cramped openings for the main and side compartments severely restrict the usability of this bag. I found it totally unsuitable for my purposes. I am stuck with a bad purchase due to the expense of returning it, however.",quality; design
FASH-106,Fashion,Order 1-2 sizes up. Cute but runs extra small so I had to return,customer_service; size_fit
FASH-107,Fashion,"Trash, Save Your Money!. The design printed on the shirt is dramatically smaller than what was depicted, it is also crooked and not centered on the tshirt!",quality; price; size_fit; design
FASH-108,Fashion,Tarnishes fast. These were super cute for about a week and then they turn to a dull tarnished color. Disappointed.,color
FASH-109,Fashion,"Disappointed.. I was very disappointed in the quality of these socks. I would return them, but I wore a pair and washed them and they nearly fell apart. They are hard to put on, as they are not solid fuzzy on the inside, but full of woven strings. They are soft on the outside. That is the only reason for a 2 star rating. I've purchased dozens of pair of fuzzy slipper socks and fuzzy socks over the last few years and these were by far the worst.",quality; customer_service; durability
FASH-110,Fashion,Two Stars. Definitely way too small. fabric does not compare to lularoe.,size_fit; material
FASH-111,Fashion,Broke the first time I tried to use it. Don't waste your money. I removed this from the huge box it came in and the second day of ownership we had rain. four of the brackets supporting the umbrella structure separated from the spines of the umbrella making it UNUSABLE. A waste of my money. Trashed.,packaging; quality; price; size_fit; durability
FASH-112,Fashion,"Too flimsy and gave little support.. I didn’t like these boots because for gardening I was worried about stepping on rocks , etc . The material was so thin you could feel it. I returned them.",customer_service; material; durability
FASH-113,Fashion,"almost like being naked...so comfortable you forget you have pants on. I love these jeans! Will be buying more.They are so comfortable,the length is perfect. They are a bit large though i may be a bit smaller than i thought..who knows.I will be buying more because I have never been so comfortable in jeans before. Edited: These have not held up well at all.The zipper refuses to stay up and the stretch part has stayed stretched...so i always have baggy knees. Ive had them less than 2 months and they look about 10 years old.",size_fit; design
FASH-114,Fashion,"Spend the money on a good one. One of them broke on the first use,wasnt even an hour in and the snap broke. Very cheaply made.",quality; price; durability
FASH-115,Fashion,"yuk. Very cheap--& you can't adjust them. Along with that you can't choose the color you want so, I'm keeping the tag on and will give them to someone else or just donate.",quality; color
FASH-116,Fashion,"Did not like. I did not like the material at all, very uncomfortable and made me itch.",material
FASH-117,Fashion,Cheap-cheap-cheap!. Either this is a Just My Size knock-off or Just my Size has really sunk itself in quality. This is so thin it can't even be called fleece or even a sweatshirt. It is flimsy and droopy and sized way too big. Set up a return immediately! Highly do not recommend!,quality; customer_service; size_fit; material; durability
FASH-118,Fashion,Candy dish. Was very disappointed in this candy dish for price to small,price; size_fit
FASH-119,Fashion,so tiny; can't move the twister to set the time.. Am returning this tiny watch for tiny fingers. Always had luck with Casio. big disappointment.,size_fit
FASH-120,Fashion,Style is cute but does not coordinate with American sizes at all. I would suggest that if this company wants to sell their garments in the U.S. that they create then with American women in mind. These sidings do not fit as apparent by the low sales and less than average reviews. The styles it very cute but does no good of the US women can’t fit into them. Please try again. Thank you,size_fit; design
FASH-121,Fashion,"Not large enough to fit over bigger shoes. I bought the largest size they had which supposedly would fit a boot up to a size 13 1/2. I couldn’t even get my hiking boot halfway into it even my tennis shoes would not fit. I believe their idea of shoe size doesn’t conform to American sizes. If you wear a size 10 shoe, or smaller, get the extra large one and your shoe might fit inside it. don’t count on getting any kind of high top shoe into it. You’ll just have to use your own judgment and try them and if they don’t work, you can always return them. I have yet to find anything on the market that will fit over my size 13 hiking boots. I’m sure they’ll work fine for people with smaller feet if they buy the largest one.",customer_service; size_fit
FASH-122,Fashion,"Unless you are below average height, this is NOT a dress. Ordered this on sale, took a chance because there were no other reviews and shouldn't have wasted my time. I'm 5'10"" and this just barely covered what it needed to in the back. Unless you are relatively short, this is more of a tunic. I'm a size 16, 40D cup and ordered the 1x/2x and the chest was tight. The band that is supposed to hit right below your bust, like an empire waist, really came mid bust and just looked and felt awkward. If it was long enough though, I would have kept the dress and made it work because it is really pretty. The only reason I am giving it two stars is because it was a beautiful green color, looks just like the picture and the embroidery is nice. It would be a great dress for someone really petite.",quality; size_fit; design; color
FASH-123,Fashion,See through. I expected the sleeves to be sheer. I did not expect the entire shirt to be so. I got the white and it was so see-through I don't know how I would wear it except by layering it which is going to make it bulky. It just seemed like really thin cheap fabric. I was so disappointed because it looked so pretty in the picture. But it is thin and disappointing. I doubt I will be able to wear it.,quality; size_fit; material; color
FASH-124,Fashion,"No recibí el pedido. Primero se perdio el artículo, luego figura como que se entregó en la dirección. Cuando voy a revisar no encontré nada y no tienen pruebas para decirme que entregaron a alguien.",quality
FASH-125,Fashion,Came with stains on it. The shirt got here quickly and fit very well but it had stains on it. I thought no big deal so I washed it but the stains didn't come out. Very disappointed because they are very noticable and in 3 different spots on the front.,size_fit
FASH-126,Fashion,"Button was blank. This was supposed to say, ""I am silently correcting your grammar."" But the button is blank. Very disappointed.",quality
FASH-127,Fashion,"Only good if you are petite with strong fingers. Are we sure this is jewelry for an adult woman? The thing is so tiny and delicate, reminds me of what you would present to a little girl. I gave six of these away to girlfriends at a luncheon and none of us could get them on, the clasp is so itsy bitsy - it's like a necklace for a doll or a child. Pretty but not practical.",size_fit
FASH-128,Fashion,Horrible!. Smelled horrific. Extremely cheap and gave off a disgusting metallic odor. I had to throw it away the smell was so bad.,quality
FASH-129,Fashion,"Purple dress bleeds, wash with caution. Beware, this dress should really be hand washed but there were no instructions so I washed it cold with other dark colors and it ended up bleeding and giving blue and gray items a purple tinge.",color
FASH-130,Fashion,Fugly. This dress looks nothing like the picture. For one...the neck part is so big that there is no way to adjust it to look right. Not flattering in the slightest.,design; color
FASH-131,Fashion,"Way way way too small.. Too freaking small! Like 3 sizes too small. But then this seller thinks that this is a ""girl's style"", so yes for ""girl's"" these sizes would be great. But this is a shirt for women, like adults, grown ups! they need to radically change their sizes to stay in business on Amazon. Don't waste your money on 1 size larger. It will be regifted immediately upon arrival to the ""girl's"" in your family. Go for 3 sizes larger to be safe, or forget about it altogether.",quality; price; customer_service; size_fit; design
FASH-132,Fashion,Order A Complete Size Down. These are not a true fit! They are way too big and I suggest ordering a whole size down.,size_fit
FASH-133,Fashion,Junk. Matching earrings broke apart in my hands.Returned everything!,quality; customer_service; durability
FASH-134,Fashion,"Not for me. This shoe is so cute. The design runs large, it wide through the top of the foot and heel, and it is stiff and does not aloe you to walk comfortably. I did return the shoe",customer_service; size_fit; design
FASH-135,Fashion,See through in white.. Too thin- totally see through. Had to send back.,material; color
FASH-136,Fashion,Unfortunately poor stitching. Very nice looking hat and other than the obvious bad stitching looks to be good quality. I hate to give this a bad review but because my husband wore it a total of two times before it broke I have no other choice . Bummed out but I’ll fix it myself so he can enjoy it at the Army vs. Navy game party we’ll attend tomorrow .,quality; design; durability
FASH-137,Fashion,"Not flattering. This bra was not exactly too large, it was not flattering or comfortable.",size_fit; design
FASH-138,Fashion,Not waterproof. This item is not what I expected. I wanted a rain coat. This was not.,quality
FASH-139,Fashion,Stinks!. Cannot use it due to the horrible odor. Throwing it away.,quality
FASH-140,Fashion,I wear a standard size 5 shoe. I can't even get this one on my foot!. It doesn't fit. The opening for the ankle/foot is too small for m y foot to get into.,size_fit
FASH-141,Fashion,Do not buy. Fabric and lace light weight and looks cheap. Sent back for a refund. Ugly dress,quality; customer_service; material; design
FASH-142,Fashion,Pjs. Not appropriate for wearing out anywhere! More like a Lounge or pj pant.,quality
FASH-143,Fashion,"Small and poorly made. Cannot recommend these.. Much too small. I would say these are perhaps 2 sizes too small. Nowhere near as well-cut/roomy as the competing products from Russell. I have revised this review because these are falling apart (stitching coming undone) after two washings. These are junk, don't bother. DEFINITELY not Russell.",quality; size_fit; design; durability
FASH-144,Fashion,"Cheap looking. Product looks cheap, like something bought from Walmart. For the price I expected something a little nicer. Very disappointed. Gave to my 10 yr old granddaughter, she liked it.",quality; price; design
FASH-145,Fashion,HORRIBLE!. WHEN I ORDERED IT I BOUGHT MY TYPICAL SIZE XL. TRIED IT ON WHEN I GOT IT & IT SEEMED TO FIT. HOWEVER I IMMEDIATELY NOTICED THE MATERIAL WEIGHT WASN'T THE SAME QUALITY AS A TYPICAL CHAMPION BASEBALL SHIRT. NONE THE LESS BECAUSE IT FIT I THOUGHT I WOULD WASH IT IN COLD AND DRY IT ON GENTILE AIR DRY. DID JUST THAT & SIMPLY WASHING & GENTLE AIR DRYING IT SHRANK THE SHIRT TO ABOUT 2/3's IT'S ORGINAL SIZE.,quality; size_fit; material
FASH-146,Fashion,"Poor quality. First time I washed, they got discolored spots and some areas of the satin were scratchy like. I wish I would have returned them. They have been sitting in back of drawer.",quality; customer_service; material
FASH-147,Fashion,"Stiff leather-no supple feel with this one.. It's not intended for a work bag, it's more of a purse-small and stiff leather.",size_fit
FASH-148,Fashion,"Support. Too flimsy for support, better as slippers, but still loose in the back",customer_service; size_fit; durability
FASH-149,Fashion,Fabric is poor quality pilling on first wash. Poor quality fabric pilling. Poor fitting arms gap. Unflattering,quality; size_fit; material; design
FASH-150,Fashion,"can't read the time. I am going to return it. It's almost impossible to read the time, let alone anything else. Too bad, it's a beautiful watch, but if you can't look at it and tell what time it is, it's not useful. Sigh, and I really loved the colors.",customer_service; design; color
