domain,aspect,count,total_reviews,frequency_pct
All,quality,137,300,45.67
All,size_fit,75,300,25.0
All,customer_service,63,300,21.0
All,design,43,300,14.33
All,price,40,300,13.33
All,material,40,300,13.33
All,durability,37,300,12.33
All,compatibility,35,300,11.67
All,battery,34,300,11.33
All,color,30,300,10.0
All,performance,28,300,9.33
All,delivery,19,300,6.33
All,packaging,10,300,3.33
Electronics,quality,78,150,52.0
Electronics,compatibility,35,150,23.33
Electronics,battery,34,150,22.67
Electronics,customer_service,31,150,20.67
Electronics,performance,28,150,18.67
Electronics,price,24,150,16.0
Electronics,durability,15,150,10.0
Electronics,delivery,14,150,9.33
Electronics,packaging,7,150,4.67
Fashion,size_fit,75,150,50.0
Fashion,quality,59,150,39.33
Fashion,design,43,150,28.67
Fashion,material,40,150,26.67
Fashion,customer_service,32,150,21.33
Fashion,color,30,150,20.0
Fashion,durability,22,150,14.67
Fashion,price,16,150,10.67
Fashion,delivery,5,150,3.33
Fashion,packaging,3,150,2.0
